社員ID,苗字,名前,部署ID,権限ID,パスワード,style
D999999,社員A,,1,1,$2y$10$yAqZ8zPffkaKpQaH1KxgDOUrBMb3FwrZBLG1dHKjJrTep1kzjddTq,niko
D999998,社員B,,1,1,$2y$10$yAqZ8zPffkaKpQaH1KxgDOUrBMb3FwrZBLG1dHKjJrTep1kzjddTq,rin
D999997,社員C,,1,1,$2y$10$yAqZ8zPffkaKpQaH1KxgDOUrBMb3FwrZBLG1dHKjJrTep1kzjddTq,white
D999996,GLのD,,1,4,$2y$10$yAqZ8zPffkaKpQaH1KxgDOUrBMb3FwrZBLG1dHKjJrTep1kzjddTq,umi
D999995,GLのE,,1,4,$2y$10$yAqZ8zPffkaKpQaH1KxgDOUrBMb3FwrZBLG1dHKjJrTep1kzjddTq,niko
D999994,部長のF,,1,5,$2y$10$yAqZ8zPffkaKpQaH1KxgDOUrBMb3FwrZBLG1dHKjJrTep1kzjddTq,frandre
D999993,開発G,,2,3,$2y$10$yAqZ8zPffkaKpQaH1KxgDOUrBMb3FwrZBLG1dHKjJrTep1kzjddTq,honoka
D999992,運用H,,3,2,$2y$10$yAqZ8zPffkaKpQaH1KxgDOUrBMb3FwrZBLG1dHKjJrTep1kzjddTq,white
D999991,運用職制I,,3,6,$2y$10$yAqZ8zPffkaKpQaH1KxgDOUrBMb3FwrZBLG1dHKjJrTep1kzjddTq,umi
