id,tatile,naiyou,nouki,noukitime,kaizizikann,syuuryou,percent,end,comment,level,top,parent,child,finish,theme,primary,regday,wait,delete,themer2,order,todayDo
1,qqq,qqq,qqq,qqq,qqq,qqq,qqq,qqq,qqq,qqq,qqq,qqq,qqq,qqq,qqq,qqq,qqq,qqq,qqq,qqq,qqq,qqq
2,qqq,qqq,qqq,qqq,qqq,qqq,qqq,qqq,qqq,qqq,qqq,qqq,qqq,qqq,qqq,qqq,qqq,qqq,qqq,qqq,qqq,qqq
3,qqq,qqq,qqq,qqq,qqq,qqq,qqq,qqq,qqq,qqq,qqq,qqq,qqq,qqq,qqq,qqq,qqq,qqq,qqq,qqq,qqq,qqq
4,qqq,qqq,qqq,qqq,qqq,qqq,qqq,qqq,qqq,qqq,qqq,qqq,qqq,qqq,qqq,qqq,qqq,qqq,qqq,qqq,qqq,qqq
5,qqq,qqq,qqq,qqq,qqq,qqq,qqq,qqq,qqq,qqq,qqq,qqq,qqq,qqq,qqq,qqq,qqq,qqq,qqq,qqq,qqq,qqq
6,qqq,qqq,qqq,qqq,qqq,qqq,qqq,qqq,qqq,qqq,qqq,qqq,qqq,qqq,qqq,qqq,qqq,qqq,qqq,qqq,qqq,qqq
7,qqq,qqq,qqq,qqq,qqq,qqq,qqq,qqq,qqq,qqq,qqq,qqq,qqq,qqq,qqq,qqq,qqq,qqq,qqq,qqq,qqq,qqq
8,qqq,qqq,qqq,qqq,qqq,qqq,qqq,qqq,qqq,qqq,qqq,qqq,qqq,qqq,qqq,qqq,qqq,qqq,qqq,qqq,qqq,qqq
9,qqq,qqq,qqq,qqq,qqq,qqq,qqq,qqq,qqq,qqq,qqq,qqq,qqq,qqq,qqq,qqq,qqq,qqq,qqq,qqq,qqq,qqq
10,qqq,qqq,qqq,qqq,qqq,qqq,qqq,qqq,qqq,qqq,qqq,qqq,qqq,qqq,qqq,qqq,qqq,qqq,qqq,qqq,qqq,qqq
11,qqq,qqq,qqq,qqq,qqq,qqq,qqq,qqq,qqq,qqq,qqq,qqq,qqq,qqq,qqq,qqq,qqq,qqq,qqq,qqq,qqq,qqq
12,qqq,qqq,qqq,qqq,qqq,qqq,qqq,qqq,qqq,qqq,qqq,qqq,qqq,qqq,qqq,qqq,qqq,qqq,qqq,qqq,qqq,qqq
13,qqq,qqq,qqq,qqq,qqq,qqq,qqq,qqq,qqq,qqq,qqq,qqq,qqq,qqq,qqq,qqq,qqq,qqq,qqq,qqq,qqq,qqq
14,qqq,qqq,qqq,qqq,qqq,qqq,qqq,qqq,qqq,qqq,qqq,qqq,qqq,qqq,qqq,qqq,qqq,qqq,qqq,qqq,qqq,qqq
15,qqq,qqq,qqq,qqq,qqq,qqq,qqq,qqq,qqq,qqq,qqq,qqq,qqq,qqq,qqq,qqq,qqq,qqq,qqq,qqq,qqq,qqq
16,qqq,qqq,qqq,qqq,qqq,qqq,qqq,qqq,qqq,qqq,qqq,qqq,qqq,qqq,qqq,qqq,qqq,qqq,qqq,qqq,qqq,qqq
17,qqq,qqq,qqq,qqq,qqq,qqq,qqq,qqq,qqq,qqq,qqq,qqq,qqq,qqq,qqq,qqq,qqq,qqq,qqq,qqq,qqq,qqq
18,qqq,qqq,qqq,qqq,qqq,qqq,qqq,qqq,qqq,qqq,qqq,qqq,qqq,qqq,qqq,qqq,qqq,qqq,qqq,qqq,qqq,qqq
19,qqq,qqq,qqq,qqq,qqq,qqq,qqq,qqq,qqq,qqq,qqq,qqq,qqq,qqq,qqq,qqq,qqq,qqq,qqq,qqq,qqq,qqq
20,qqq,qqq,qqq,qqq,qqq,qqq,qqq,qqq,qqq,qqq,qqq,qqq,qqq,qqq,qqq,qqq,qqq,qqq,qqq,qqq,qqq,qqq
21,qqq,qqq,qqq,qqq,qqq,qqq,qqq,qqq,qqq,qqq,qqq,qqq,qqq,qqq,qqq,qqq,qqq,qqq,qqq,qqq,qqq,qqq
22,qqq,qqq,qqq,qqq,qqq,qqq,qqq,qqq,qqq,qqq,qqq,qqq,qqq,qqq,qqq,qqq,qqq,qqq,qqq,qqq,qqq,qqq
23,qqq,qqq,qqq,qqq,qqq,qqq,qqq,qqq,qqq,qqq,qqq,qqq,qqq,qqq,qqq,qqq,qqq,qqq,qqq,qqq,qqq,qqq
24,qqq,qqq,qqq,qqq,qqq,qqq,qqq,qqq,qqq,qqq,qqq,qqq,qqq,qqq,qqq,qqq,qqq,qqq,qqq,qqq,qqq,qqq
25,qqq,qqq,qqq,qqq,qqq,qqq,qqq,qqq,qqq,qqq,qqq,qqq,qqq,qqq,qqq,qqq,qqq,qqq,qqq,qqq,qqq,qqq
26,qqq,qqq,qqq,qqq,qqq,qqq,qqq,qqq,qqq,qqq,qqq,qqq,qqq,qqq,qqq,qqq,qqq,qqq,qqq,qqq,qqq,qqq
27,qqq,qqq,qqq,qqq,qqq,qqq,qqq,qqq,qqq,qqq,qqq,qqq,qqq,qqq,qqq,qqq,qqq,qqq,qqq,qqq,qqq,qqq
28,qqq,qqq,qqq,qqq,qqq,qqq,qqq,qqq,qqq,qqq,qqq,qqq,qqq,qqq,qqq,qqq,qqq,qqq,qqq,qqq,qqq,qqq
29,qqq,qqq,qqq,qqq,qqq,qqq,qqq,qqq,qqq,qqq,qqq,qqq,qqq,qqq,qqq,qqq,qqq,qqq,qqq,qqq,qqq,qqq
30,qqq,qqq,qqq,qqq,qqq,qqq,qqq,qqq,qqq,qqq,qqq,qqq,qqq,qqq,qqq,qqq,qqq,qqq,qqq,qqq,qqq,qqq
31,qqq,qqq,qqq,qqq,qqq,qqq,qqq,qqq,qqq,qqq,qqq,qqq,qqq,qqq,qqq,qqq,qqq,qqq,qqq,qqq,qqq,qqq
32,qqq,qqq,qqq,qqq,qqq,qqq,qqq,qqq,qqq,qqq,qqq,qqq,qqq,qqq,qqq,qqq,qqq,qqq,qqq,qqq,qqq,qqq
33,qqq,qqq,qqq,qqq,qqq,qqq,qqq,qqq,qqq,qqq,qqq,qqq,qqq,qqq,qqq,qqq,qqq,qqq,qqq,qqq,qqq,qqq
34,qqq,qqq,qqq,qqq,qqq,qqq,qqq,qqq,qqq,qqq,qqq,qqq,qqq,qqq,qqq,qqq,qqq,qqq,qqq,qqq,qqq,qqq
35,qqq,qqq,qqq,qqq,qqq,qqq,qqq,qqq,qqq,qqq,qqq,qqq,qqq,qqq,qqq,qqq,qqq,qqq,qqq,qqq,qqq,qqq
36,qqq,qqq,qqq,qqq,qqq,qqq,qqq,qqq,qqq,qqq,qqq,qqq,qqq,qqq,qqq,qqq,qqq,qqq,qqq,qqq,qqq,qqq
37,qqq,qqq,qqq,qqq,qqq,qqq,qqq,qqq,qqq,qqq,qqq,qqq,qqq,qqq,qqq,qqq,qqq,qqq,qqq,qqq,qqq,qqq
38,qqq,qqq,qqq,qqq,qqq,qqq,qqq,qqq,qqq,qqq,qqq,qqq,qqq,qqq,qqq,qqq,qqq,qqq,qqq,qqq,qqq,qqq
39,qqq,qqq,qqq,qqq,qqq,qqq,qqq,qqq,qqq,qqq,qqq,qqq,qqq,qqq,qqq,qqq,qqq,qqq,qqq,qqq,qqq,qqq
40,qqq,qqq,qqq,qqq,qqq,qqq,qqq,qqq,qqq,qqq,qqq,qqq,qqq,qqq,qqq,qqq,qqq,qqq,qqq,qqq,qqq,qqq
41,qqq,qqq,qqq,qqq,qqq,qqq,qqq,qqq,qqq,qqq,qqq,qqq,qqq,qqq,qqq,qqq,qqq,qqq,qqq,qqq,qqq,qqq
42,qqq,qqq,qqq,qqq,qqq,qqq,qqq,qqq,qqq,qqq,qqq,qqq,qqq,qqq,qqq,qqq,qqq,qqq,qqq,qqq,qqq,qqq
43,qqq,qqq,qqq,qqq,qqq,qqq,qqq,qqq,qqq,qqq,qqq,qqq,qqq,qqq,qqq,qqq,qqq,qqq,qqq,qqq,qqq,qqq
44,qqq,qqq,qqq,qqq,qqq,qqq,qqq,qqq,qqq,qqq,qqq,qqq,qqq,qqq,qqq,qqq,qqq,qqq,qqq,qqq,qqq,qqq
45,qqq,qqq,qqq,qqq,qqq,qqq,qqq,qqq,qqq,qqq,qqq,qqq,qqq,qqq,qqq,qqq,qqq,qqq,qqq,qqq,qqq,qqq
46,qqq,qqq,qqq,qqq,qqq,qqq,qqq,qqq,qqq,qqq,qqq,qqq,qqq,qqq,qqq,qqq,qqq,qqq,qqq,qqq,qqq,qqq
47,qqq,qqq,qqq,qqq,qqq,qqq,qqq,qqq,qqq,qqq,qqq,qqq,qqq,qqq,qqq,qqq,qqq,qqq,qqq,qqq,qqq,qqq
48,qqq,qqq,qqq,qqq,qqq,qqq,qqq,qqq,qqq,qqq,qqq,qqq,qqq,qqq,qqq,qqq,qqq,qqq,qqq,qqq,qqq,qqq
49,qqq,qqq,qqq,qqq,qqq,qqq,qqq,qqq,qqq,qqq,qqq,qqq,qqq,qqq,qqq,qqq,qqq,qqq,qqq,qqq,qqq,qqq
50,qqq,qqq,qqq,qqq,qqq,qqq,qqq,qqq,qqq,qqq,qqq,qqq,qqq,qqq,qqq,qqq,qqq,qqq,qqq,qqq,qqq,qqq
51,qqq,qqq,qqq,qqq,qqq,qqq,qqq,qqq,qqq,qqq,qqq,qqq,qqq,qqq,qqq,qqq,qqq,qqq,qqq,qqq,qqq,qqq
52,qqq,qqq,qqq,qqq,qqq,qqq,qqq,qqq,qqq,qqq,qqq,qqq,qqq,qqq,qqq,qqq,qqq,qqq,qqq,qqq,qqq,qqq
53,qqq,qqq,qqq,qqq,qqq,qqq,qqq,qqq,qqq,qqq,qqq,qqq,qqq,qqq,qqq,qqq,qqq,qqq,qqq,qqq,qqq,qqq
54,qqq,qqq,qqq,qqq,qqq,qqq,qqq,qqq,qqq,qqq,qqq,qqq,qqq,qqq,qqq,qqq,qqq,qqq,qqq,qqq,qqq,qqq
55,qqq,qqq,qqq,qqq,qqq,qqq,qqq,qqq,qqq,qqq,qqq,qqq,qqq,qqq,qqq,qqq,qqq,qqq,qqq,qqq,qqq,qqq
56,qqq,qqq,qqq,qqq,qqq,qqq,qqq,qqq,qqq,qqq,qqq,qqq,qqq,qqq,qqq,qqq,qqq,qqq,qqq,qqq,qqq,qqq
57,qqq,qqq,qqq,qqq,qqq,qqq,qqq,qqq,qqq,qqq,qqq,qqq,qqq,qqq,qqq,qqq,qqq,qqq,qqq,qqq,qqq,qqq
58,qqq,qqq,qqq,qqq,qqq,qqq,qqq,qqq,qqq,qqq,qqq,qqq,qqq,qqq,qqq,qqq,qqq,qqq,qqq,qqq,qqq,qqq
59,qqq,qqq,qqq,qqq,qqq,qqq,qqq,qqq,qqq,qqq,qqq,qqq,qqq,qqq,qqq,qqq,qqq,qqq,qqq,qqq,qqq,qqq
60,qqq,qqq,qqq,qqq,qqq,qqq,qqq,qqq,qqq,qqq,qqq,qqq,qqq,qqq,qqq,qqq,qqq,qqq,qqq,qqq,qqq,qqq
61,qqq,qqq,qqq,qqq,qqq,qqq,qqq,qqq,qqq,qqq,qqq,qqq,qqq,qqq,qqq,qqq,qqq,qqq,qqq,qqq,qqq,qqq
62,qqq,qqq,qqq,qqq,qqq,qqq,qqq,qqq,qqq,qqq,qqq,qqq,qqq,qqq,qqq,qqq,qqq,qqq,qqq,qqq,qqq,qqq
63,qqq,qqq,qqq,qqq,qqq,qqq,qqq,qqq,qqq,qqq,qqq,qqq,qqq,qqq,qqq,qqq,qqq,qqq,qqq,qqq,qqq,qqq
64,qqq,qqq,qqq,qqq,qqq,qqq,qqq,qqq,qqq,qqq,qqq,qqq,qqq,qqq,qqq,qqq,qqq,qqq,qqq,qqq,qqq,qqq
65,qqq,qqq,qqq,qqq,qqq,qqq,qqq,qqq,qqq,qqq,qqq,qqq,qqq,qqq,qqq,qqq,qqq,qqq,qqq,qqq,qqq,qqq
66,qqq,qqq,qqq,qqq,qqq,qqq,qqq,qqq,qqq,qqq,qqq,qqq,qqq,qqq,qqq,qqq,qqq,qqq,qqq,qqq,qqq,qqq
67,qqq,qqq,qqq,qqq,qqq,qqq,qqq,qqq,qqq,qqq,qqq,qqq,qqq,qqq,qqq,qqq,qqq,qqq,qqq,qqq,qqq,qqq
68,qqq,qqq,qqq,qqq,qqq,qqq,qqq,qqq,qqq,qqq,qqq,qqq,qqq,qqq,qqq,qqq,qqq,qqq,qqq,qqq,qqq,qqq
69,qqq,qqq,qqq,qqq,qqq,qqq,qqq,qqq,qqq,qqq,qqq,qqq,qqq,qqq,qqq,qqq,qqq,qqq,qqq,qqq,qqq,qqq
70,qqq,qqq,qqq,qqq,qqq,qqq,qqq,qqq,qqq,qqq,qqq,qqq,qqq,qqq,qqq,qqq,qqq,qqq,qqq,qqq,qqq,qqq
71,qqq,qqq,qqq,qqq,qqq,qqq,qqq,qqq,qqq,qqq,qqq,qqq,qqq,qqq,qqq,qqq,qqq,qqq,qqq,qqq,qqq,qqq
72,qqq,qqq,qqq,qqq,qqq,qqq,qqq,qqq,qqq,qqq,qqq,qqq,qqq,qqq,qqq,qqq,qqq,qqq,qqq,qqq,qqq,qqq
73,qqq,qqq,qqq,qqq,qqq,qqq,qqq,qqq,qqq,qqq,qqq,qqq,qqq,qqq,qqq,qqq,qqq,qqq,qqq,qqq,qqq,qqq
74,qqq,qqq,qqq,qqq,qqq,qqq,qqq,qqq,qqq,qqq,qqq,qqq,qqq,qqq,qqq,qqq,qqq,qqq,qqq,qqq,qqq,qqq
75,qqq,qqq,qqq,qqq,qqq,qqq,qqq,qqq,qqq,qqq,qqq,qqq,qqq,qqq,qqq,qqq,qqq,qqq,qqq,qqq,qqq,qqq
76,qqq,qqq,qqq,qqq,qqq,qqq,qqq,qqq,qqq,qqq,qqq,qqq,qqq,qqq,qqq,qqq,qqq,qqq,qqq,qqq,qqq,qqq
77,qqq,qqq,qqq,qqq,qqq,qqq,qqq,qqq,qqq,qqq,qqq,qqq,qqq,qqq,qqq,qqq,qqq,qqq,qqq,qqq,qqq,qqq
78,qqq,qqq,qqq,qqq,qqq,qqq,qqq,qqq,qqq,qqq,qqq,qqq,qqq,qqq,qqq,qqq,qqq,qqq,qqq,qqq,qqq,qqq
79,qqq,qqq,qqq,qqq,qqq,qqq,qqq,qqq,qqq,qqq,qqq,qqq,qqq,qqq,qqq,qqq,qqq,qqq,qqq,qqq,qqq,qqq
80,qqq,qqq,qqq,qqq,qqq,qqq,qqq,qqq,qqq,qqq,qqq,qqq,qqq,qqq,qqq,qqq,qqq,qqq,qqq,qqq,qqq,qqq
81,qqq,qqq,qqq,qqq,qqq,qqq,qqq,qqq,qqq,qqq,qqq,qqq,qqq,qqq,qqq,qqq,qqq,qqq,qqq,qqq,qqq,qqq
82,qqq,qqq,qqq,qqq,qqq,qqq,qqq,qqq,qqq,qqq,qqq,qqq,qqq,qqq,qqq,qqq,qqq,qqq,qqq,qqq,qqq,qqq
83,qqq,qqq,qqq,qqq,qqq,qqq,qqq,qqq,qqq,qqq,qqq,qqq,qqq,qqq,qqq,qqq,qqq,qqq,qqq,qqq,qqq,qqq
84,qqq,qqq,qqq,qqq,qqq,qqq,qqq,qqq,qqq,qqq,qqq,qqq,qqq,qqq,qqq,qqq,qqq,qqq,qqq,qqq,qqq,qqq
85,qqq,qqq,qqq,qqq,qqq,qqq,qqq,qqq,qqq,qqq,qqq,qqq,qqq,qqq,qqq,qqq,qqq,qqq,qqq,qqq,qqq,qqq
86,qqq,qqq,qqq,qqq,qqq,qqq,qqq,qqq,qqq,qqq,qqq,qqq,qqq,qqq,qqq,qqq,qqq,qqq,qqq,qqq,qqq,qqq
87,qqq,qqq,qqq,qqq,qqq,qqq,qqq,qqq,qqq,qqq,qqq,qqq,qqq,qqq,qqq,qqq,qqq,qqq,qqq,qqq,qqq,qqq
88,qqq,qqq,qqq,qqq,qqq,qqq,qqq,qqq,qqq,qqq,qqq,qqq,qqq,qqq,qqq,qqq,qqq,qqq,qqq,qqq,qqq,qqq
89,qqq,qqq,qqq,qqq,qqq,qqq,qqq,qqq,qqq,qqq,qqq,qqq,qqq,qqq,qqq,qqq,qqq,qqq,qqq,qqq,qqq,qqq
90,qqq,qqq,qqq,qqq,qqq,qqq,qqq,qqq,qqq,qqq,qqq,qqq,qqq,qqq,qqq,qqq,qqq,qqq,qqq,qqq,qqq,qqq
91,qqq,qqq,qqq,qqq,qqq,qqq,qqq,qqq,qqq,qqq,qqq,qqq,qqq,qqq,qqq,qqq,qqq,qqq,qqq,qqq,qqq,qqq
92,qqq,qqq,qqq,qqq,qqq,qqq,qqq,qqq,qqq,qqq,qqq,qqq,qqq,qqq,qqq,qqq,qqq,qqq,qqq,qqq,qqq,qqq
93,qqq,qqq,qqq,qqq,qqq,qqq,qqq,qqq,qqq,qqq,qqq,qqq,qqq,qqq,qqq,qqq,qqq,qqq,qqq,qqq,qqq,qqq
94,qqq,qqq,qqq,qqq,qqq,qqq,qqq,qqq,qqq,qqq,qqq,qqq,qqq,qqq,qqq,qqq,qqq,qqq,qqq,qqq,qqq,qqq
95,qqq,qqq,qqq,qqq,qqq,qqq,qqq,qqq,qqq,qqq,qqq,qqq,qqq,qqq,qqq,qqq,qqq,qqq,qqq,qqq,qqq,qqq
96,qqq,qqq,qqq,qqq,qqq,qqq,qqq,qqq,qqq,qqq,qqq,qqq,qqq,qqq,qqq,qqq,qqq,qqq,qqq,qqq,qqq,qqq
97,qqq,qqq,qqq,qqq,qqq,qqq,qqq,qqq,qqq,qqq,qqq,qqq,qqq,qqq,qqq,qqq,qqq,qqq,qqq,qqq,qqq,qqq
98,qqq,qqq,qqq,qqq,qqq,qqq,qqq,qqq,qqq,qqq,qqq,qqq,qqq,qqq,qqq,qqq,qqq,qqq,qqq,qqq,qqq,qqq
99,qqq,qqq,qqq,qqq,qqq,qqq,qqq,qqq,qqq,qqq,qqq,qqq,qqq,qqq,qqq,qqq,qqq,qqq,qqq,qqq,qqq,qqq
100,qqq,qqq,qqq,qqq,qqq,qqq,qqq,qqq,qqq,qqq,qqq,qqq,qqq,qqq,qqq,qqq,qqq,qqq,qqq,qqq,qqq,qqq
101,qqq,qqq,qqq,qqq,qqq,qqq,qqq,qqq,qqq,qqq,qqq,qqq,qqq,qqq,qqq,qqq,qqq,qqq,qqq,qqq,qqq,qqq
102,qqq,qqq,qqq,qqq,qqq,qqq,qqq,qqq,qqq,qqq,qqq,qqq,qqq,qqq,qqq,qqq,qqq,qqq,qqq,qqq,qqq,qqq
103,qqq,qqq,qqq,qqq,qqq,qqq,qqq,qqq,qqq,qqq,qqq,qqq,qqq,qqq,qqq,qqq,qqq,qqq,qqq,qqq,qqq,qqq
104,qqq,qqq,qqq,qqq,qqq,qqq,qqq,qqq,qqq,qqq,qqq,qqq,qqq,qqq,qqq,qqq,qqq,qqq,qqq,qqq,qqq,qqq
105,qqq,qqq,qqq,qqq,qqq,qqq,qqq,qqq,qqq,qqq,qqq,qqq,qqq,qqq,qqq,qqq,qqq,qqq,qqq,qqq,qqq,qqq
106,qqq,qqq,qqq,qqq,qqq,qqq,qqq,qqq,qqq,qqq,qqq,qqq,qqq,qqq,qqq,qqq,qqq,qqq,qqq,qqq,qqq,qqq
107,qqq,qqq,qqq,qqq,qqq,qqq,qqq,qqq,qqq,qqq,qqq,qqq,qqq,qqq,qqq,qqq,qqq,qqq,qqq,qqq,qqq,qqq
108,qqq,qqq,qqq,qqq,qqq,qqq,qqq,qqq,qqq,qqq,qqq,qqq,qqq,qqq,qqq,qqq,qqq,qqq,qqq,qqq,qqq,qqq
109,qqq,qqq,qqq,qqq,qqq,qqq,qqq,qqq,qqq,qqq,qqq,qqq,qqq,qqq,qqq,qqq,qqq,qqq,qqq,qqq,qqq,qqq
110,qqq,qqq,qqq,qqq,qqq,qqq,qqq,qqq,qqq,qqq,qqq,qqq,qqq,qqq,qqq,qqq,qqq,qqq,qqq,qqq,qqq,qqq
111,qqq,qqq,qqq,qqq,qqq,qqq,qqq,qqq,qqq,qqq,qqq,qqq,qqq,qqq,qqq,qqq,qqq,qqq,qqq,qqq,qqq,qqq
112,qqq,qqq,qqq,qqq,qqq,qqq,qqq,qqq,qqq,qqq,qqq,qqq,qqq,qqq,qqq,qqq,qqq,qqq,qqq,qqq,qqq,qqq
113,qqq,qqq,qqq,qqq,qqq,qqq,qqq,qqq,qqq,qqq,qqq,qqq,qqq,qqq,qqq,qqq,qqq,qqq,qqq,qqq,qqq,qqq
114,qqq,qqq,qqq,qqq,qqq,qqq,qqq,qqq,qqq,qqq,qqq,qqq,qqq,qqq,qqq,qqq,qqq,qqq,qqq,qqq,qqq,qqq
115,qqq,qqq,qqq,qqq,qqq,qqq,qqq,qqq,qqq,qqq,qqq,qqq,qqq,qqq,qqq,qqq,qqq,qqq,qqq,qqq,qqq,qqq
116,qqq,qqq,qqq,qqq,qqq,qqq,qqq,qqq,qqq,qqq,qqq,qqq,qqq,qqq,qqq,qqq,qqq,qqq,qqq,qqq,qqq,qqq
117,qqq,qqq,qqq,qqq,qqq,qqq,qqq,qqq,qqq,qqq,qqq,qqq,qqq,qqq,qqq,qqq,qqq,qqq,qqq,qqq,qqq,qqq
118,qqq,qqq,qqq,qqq,qqq,qqq,qqq,qqq,qqq,qqq,qqq,qqq,qqq,qqq,qqq,qqq,qqq,qqq,qqq,qqq,qqq,qqq
119,qqq,qqq,qqq,qqq,qqq,qqq,qqq,qqq,qqq,qqq,qqq,qqq,qqq,qqq,qqq,qqq,qqq,qqq,qqq,qqq,qqq,qqq
120,qqq,qqq,qqq,qqq,qqq,qqq,qqq,qqq,qqq,qqq,qqq,qqq,qqq,qqq,qqq,qqq,qqq,qqq,qqq,qqq,qqq,qqq
121,qqq,qqq,qqq,qqq,qqq,qqq,qqq,qqq,qqq,qqq,qqq,qqq,qqq,qqq,qqq,qqq,qqq,qqq,qqq,qqq,qqq,qqq
122,qqq,qqq,qqq,qqq,qqq,qqq,qqq,qqq,qqq,qqq,qqq,qqq,qqq,qqq,qqq,qqq,qqq,qqq,qqq,qqq,qqq,qqq
123,qqq,qqq,qqq,qqq,qqq,qqq,qqq,qqq,qqq,qqq,qqq,qqq,qqq,qqq,qqq,qqq,qqq,qqq,qqq,qqq,qqq,qqq
124,qqq,qqq,qqq,qqq,qqq,qqq,qqq,qqq,qqq,qqq,qqq,qqq,qqq,qqq,qqq,qqq,qqq,qqq,qqq,qqq,qqq,qqq
125,qqq,qqq,qqq,qqq,qqq,qqq,qqq,qqq,qqq,qqq,qqq,qqq,qqq,qqq,qqq,qqq,qqq,qqq,qqq,qqq,qqq,qqq
126,qqq,qqq,qqq,qqq,qqq,qqq,qqq,qqq,qqq,qqq,qqq,qqq,qqq,qqq,qqq,qqq,qqq,qqq,qqq,qqq,qqq,qqq
127,qqq,qqq,qqq,qqq,qqq,qqq,qqq,qqq,qqq,qqq,qqq,qqq,qqq,qqq,qqq,qqq,qqq,qqq,qqq,qqq,qqq,qqq
128,qqq,qqq,qqq,qqq,qqq,qqq,qqq,qqq,qqq,qqq,qqq,qqq,qqq,qqq,qqq,qqq,qqq,qqq,qqq,qqq,qqq,qqq
129,qqq,qqq,qqq,qqq,qqq,qqq,qqq,qqq,qqq,qqq,qqq,qqq,qqq,qqq,qqq,qqq,qqq,qqq,qqq,qqq,qqq,qqq
130,qqq,qqq,qqq,qqq,qqq,qqq,qqq,qqq,qqq,qqq,qqq,qqq,qqq,qqq,qqq,qqq,qqq,qqq,qqq,qqq,qqq,qqq
131,qqq,qqq,qqq,qqq,qqq,qqq,qqq,qqq,qqq,qqq,qqq,qqq,qqq,qqq,qqq,qqq,qqq,qqq,qqq,qqq,qqq,qqq
132,qqq,qqq,qqq,qqq,qqq,qqq,qqq,qqq,qqq,qqq,qqq,qqq,qqq,qqq,qqq,qqq,qqq,qqq,qqq,qqq,qqq,qqq
133,qqq,qqq,qqq,qqq,qqq,qqq,qqq,qqq,qqq,qqq,qqq,qqq,qqq,qqq,qqq,qqq,qqq,qqq,qqq,qqq,qqq,qqq
134,qqq,qqq,qqq,qqq,qqq,qqq,qqq,qqq,qqq,qqq,qqq,qqq,qqq,qqq,qqq,qqq,qqq,qqq,qqq,qqq,qqq,qqq
135,qqq,qqq,qqq,qqq,qqq,qqq,qqq,qqq,qqq,qqq,qqq,qqq,qqq,qqq,qqq,qqq,qqq,qqq,qqq,qqq,qqq,qqq
136,qqq,qqq,qqq,qqq,qqq,qqq,qqq,qqq,qqq,qqq,qqq,qqq,qqq,qqq,qqq,qqq,qqq,qqq,qqq,qqq,qqq,qqq
137,qqq,qqq,qqq,qqq,qqq,qqq,qqq,qqq,qqq,qqq,qqq,qqq,qqq,qqq,qqq,qqq,qqq,qqq,qqq,qqq,qqq,qqq
138,qqq,qqq,qqq,qqq,qqq,qqq,qqq,qqq,qqq,qqq,qqq,qqq,qqq,qqq,qqq,qqq,qqq,qqq,qqq,qqq,qqq,qqq
139,qqq,qqq,qqq,qqq,qqq,qqq,qqq,qqq,qqq,qqq,qqq,qqq,qqq,qqq,qqq,qqq,qqq,qqq,qqq,qqq,qqq,qqq
140,qqq,qqq,qqq,qqq,qqq,qqq,qqq,qqq,qqq,qqq,qqq,qqq,qqq,qqq,qqq,qqq,qqq,qqq,qqq,qqq,qqq,qqq
141,qqq,qqq,qqq,qqq,qqq,qqq,qqq,qqq,qqq,qqq,qqq,qqq,qqq,qqq,qqq,qqq,qqq,qqq,qqq,qqq,qqq,qqq
142,qqq,qqq,qqq,qqq,qqq,qqq,qqq,qqq,qqq,qqq,qqq,qqq,qqq,qqq,qqq,qqq,qqq,qqq,qqq,qqq,qqq,qqq
143,qqq,qqq,qqq,qqq,qqq,qqq,qqq,qqq,qqq,qqq,qqq,qqq,qqq,qqq,qqq,qqq,qqq,qqq,qqq,qqq,qqq,qqq
144,qqq,qqq,qqq,qqq,qqq,qqq,qqq,qqq,qqq,qqq,qqq,qqq,qqq,qqq,qqq,qqq,qqq,qqq,qqq,qqq,qqq,qqq
145,qqq,qqq,qqq,qqq,qqq,qqq,qqq,qqq,qqq,qqq,qqq,qqq,qqq,qqq,qqq,qqq,qqq,qqq,qqq,qqq,qqq,qqq
146,qqq,qqq,qqq,qqq,qqq,qqq,qqq,qqq,qqq,qqq,qqq,qqq,qqq,qqq,qqq,qqq,qqq,qqq,qqq,qqq,qqq,qqq
147,qqq,qqq,qqq,qqq,qqq,qqq,qqq,qqq,qqq,qqq,qqq,qqq,qqq,qqq,qqq,qqq,qqq,qqq,qqq,qqq,qqq,qqq
148,qqq,qqq,qqq,qqq,qqq,qqq,qqq,qqq,qqq,qqq,qqq,qqq,qqq,qqq,qqq,qqq,qqq,qqq,qqq,qqq,qqq,qqq
149,qqq,qqq,qqq,qqq,qqq,qqq,qqq,qqq,qqq,qqq,qqq,qqq,qqq,qqq,qqq,qqq,qqq,qqq,qqq,qqq,qqq,qqq
150,qqq,qqq,qqq,qqq,qqq,qqq,qqq,qqq,qqq,qqq,qqq,qqq,qqq,qqq,qqq,qqq,qqq,qqq,qqq,qqq,qqq,qqq
151,qqq,qqq,qqq,qqq,qqq,qqq,qqq,qqq,qqq,qqq,qqq,qqq,qqq,qqq,qqq,qqq,qqq,qqq,qqq,qqq,qqq,qqq
152,qqq,qqq,qqq,qqq,qqq,qqq,qqq,qqq,qqq,qqq,qqq,qqq,qqq,qqq,qqq,qqq,qqq,qqq,qqq,qqq,qqq,qqq
153,qqq,qqq,qqq,qqq,qqq,qqq,qqq,qqq,qqq,qqq,qqq,qqq,qqq,qqq,qqq,qqq,qqq,qqq,qqq,qqq,qqq,qqq
154,qqq,qqq,qqq,qqq,qqq,qqq,qqq,qqq,qqq,qqq,qqq,qqq,qqq,qqq,qqq,qqq,qqq,qqq,qqq,qqq,qqq,qqq
155,qqq,qqq,qqq,qqq,qqq,qqq,qqq,qqq,qqq,qqq,qqq,qqq,qqq,qqq,qqq,qqq,qqq,qqq,qqq,qqq,qqq,qqq
156,qqq,qqq,qqq,qqq,qqq,qqq,qqq,qqq,qqq,qqq,qqq,qqq,qqq,qqq,qqq,qqq,qqq,qqq,qqq,qqq,qqq,qqq
157,qqq,qqq,qqq,qqq,qqq,qqq,qqq,qqq,qqq,qqq,qqq,qqq,qqq,qqq,qqq,qqq,qqq,qqq,qqq,qqq,qqq,qqq
158,qqq,qqq,qqq,qqq,qqq,qqq,qqq,qqq,qqq,qqq,qqq,qqq,qqq,qqq,qqq,qqq,qqq,qqq,qqq,qqq,qqq,qqq
159,qqq,qqq,qqq,qqq,qqq,qqq,qqq,qqq,qqq,qqq,qqq,qqq,qqq,qqq,qqq,qqq,qqq,qqq,qqq,qqq,qqq,qqq
160,qqq,qqq,qqq,qqq,qqq,qqq,qqq,qqq,qqq,qqq,qqq,qqq,qqq,qqq,qqq,qqq,qqq,qqq,qqq,qqq,qqq,qqq
161,qqq,qqq,qqq,qqq,qqq,qqq,qqq,qqq,qqq,qqq,qqq,qqq,qqq,qqq,qqq,qqq,qqq,qqq,qqq,qqq,qqq,qqq
162,qqq,qqq,qqq,qqq,qqq,qqq,qqq,qqq,qqq,qqq,qqq,qqq,qqq,qqq,qqq,qqq,qqq,qqq,qqq,qqq,qqq,qqq
163,qqq,qqq,qqq,qqq,qqq,qqq,qqq,qqq,qqq,qqq,qqq,qqq,qqq,qqq,qqq,qqq,qqq,qqq,qqq,qqq,qqq,qqq
164,qqq,qqq,qqq,qqq,qqq,qqq,qqq,qqq,qqq,qqq,qqq,qqq,qqq,qqq,qqq,qqq,qqq,qqq,qqq,qqq,qqq,qqq
165,qqq,qqq,qqq,qqq,qqq,qqq,qqq,qqq,qqq,qqq,qqq,qqq,qqq,qqq,qqq,qqq,qqq,qqq,qqq,qqq,qqq,qqq
166,qqq,qqq,qqq,qqq,qqq,qqq,qqq,qqq,qqq,qqq,qqq,qqq,qqq,qqq,qqq,qqq,qqq,qqq,qqq,qqq,qqq,qqq
167,qqq,qqq,qqq,qqq,qqq,qqq,qqq,qqq,qqq,qqq,qqq,qqq,qqq,qqq,qqq,qqq,qqq,qqq,qqq,qqq,qqq,qqq
168,qqq,qqq,qqq,qqq,qqq,qqq,qqq,qqq,qqq,qqq,qqq,qqq,qqq,qqq,qqq,qqq,qqq,qqq,qqq,qqq,qqq,qqq
169,qqq,qqq,qqq,qqq,qqq,qqq,qqq,qqq,qqq,qqq,qqq,qqq,qqq,qqq,qqq,qqq,qqq,qqq,qqq,qqq,qqq,qqq
170,qqq,qqq,qqq,qqq,qqq,qqq,qqq,qqq,qqq,qqq,qqq,qqq,qqq,qqq,qqq,qqq,qqq,qqq,qqq,qqq,qqq,qqq
171,qqq,qqq,qqq,qqq,qqq,qqq,qqq,qqq,qqq,qqq,qqq,qqq,qqq,qqq,qqq,qqq,qqq,qqq,qqq,qqq,qqq,qqq
172,qqq,qqq,qqq,qqq,qqq,qqq,qqq,qqq,qqq,qqq,qqq,qqq,qqq,qqq,qqq,qqq,qqq,qqq,qqq,qqq,qqq,qqq
173,qqq,qqq,qqq,qqq,qqq,qqq,qqq,qqq,qqq,qqq,qqq,qqq,qqq,qqq,qqq,qqq,qqq,qqq,qqq,qqq,qqq,qqq
174,qqq,qqq,qqq,qqq,qqq,qqq,qqq,qqq,qqq,qqq,qqq,qqq,qqq,qqq,qqq,qqq,qqq,qqq,qqq,qqq,qqq,qqq
175,qqq,qqq,qqq,qqq,qqq,qqq,qqq,qqq,qqq,qqq,qqq,qqq,qqq,qqq,qqq,qqq,qqq,qqq,qqq,qqq,qqq,qqq
176,qqq,qqq,qqq,qqq,qqq,qqq,qqq,qqq,qqq,qqq,qqq,qqq,qqq,qqq,qqq,qqq,qqq,qqq,qqq,qqq,qqq,qqq
177,qqq,qqq,qqq,qqq,qqq,qqq,qqq,qqq,qqq,qqq,qqq,qqq,qqq,qqq,qqq,qqq,qqq,qqq,qqq,qqq,qqq,qqq
178,qqq,qqq,qqq,qqq,qqq,qqq,qqq,qqq,qqq,qqq,qqq,qqq,qqq,qqq,qqq,qqq,qqq,qqq,qqq,qqq,qqq,qqq
179,qqq,qqq,qqq,qqq,qqq,qqq,qqq,qqq,qqq,qqq,qqq,qqq,qqq,qqq,qqq,qqq,qqq,qqq,qqq,qqq,qqq,qqq
180,qqq,qqq,qqq,qqq,qqq,qqq,qqq,qqq,qqq,qqq,qqq,qqq,qqq,qqq,qqq,qqq,qqq,qqq,qqq,qqq,qqq,qqq
181,qqq,qqq,qqq,qqq,qqq,qqq,qqq,qqq,qqq,qqq,qqq,qqq,qqq,qqq,qqq,qqq,qqq,qqq,qqq,qqq,qqq,qqq
182,qqq,qqq,qqq,qqq,qqq,qqq,qqq,qqq,qqq,qqq,qqq,qqq,qqq,qqq,qqq,qqq,qqq,qqq,qqq,qqq,qqq,qqq
183,qqq,qqq,qqq,qqq,qqq,qqq,qqq,qqq,qqq,qqq,qqq,qqq,qqq,qqq,qqq,qqq,qqq,qqq,qqq,qqq,qqq,qqq
184,qqq,qqq,qqq,qqq,qqq,qqq,qqq,qqq,qqq,qqq,qqq,qqq,qqq,qqq,qqq,qqq,qqq,qqq,qqq,qqq,qqq,qqq
185,qqq,qqq,qqq,qqq,qqq,qqq,qqq,qqq,qqq,qqq,qqq,qqq,qqq,qqq,qqq,qqq,qqq,qqq,qqq,qqq,qqq,qqq
186,qqq,qqq,qqq,qqq,qqq,qqq,qqq,qqq,qqq,qqq,qqq,qqq,qqq,qqq,qqq,qqq,qqq,qqq,qqq,qqq,qqq,qqq
187,qqq,qqq,qqq,qqq,qqq,qqq,qqq,qqq,qqq,qqq,qqq,qqq,qqq,qqq,qqq,qqq,qqq,qqq,qqq,qqq,qqq,qqq
188,qqq,qqq,qqq,qqq,qqq,qqq,qqq,qqq,qqq,qqq,qqq,qqq,qqq,qqq,qqq,qqq,qqq,qqq,qqq,qqq,qqq,qqq
