filename,big,type,lock
mdmemo.txt,y,txt,n
memo.txt,y,txt,n
memo0.txt,y,txt,n
memo3.txt,y,txt,n
memo6.txt,y,txt,n
memo8.txt,y,txt,n
README.md,y,txt,n
無題-2.txt,y,txt,n
mdmemo.txt,y,txt,n
memo.txt,y,txt,n
memo0.txt,y,txt,n
memo3.txt,y,txt,n
memo6.txt,y,txt,n
memo8.txt,y,txt,n
README.md,y,txt,n
無題-2.txt,y,txt,n
mdmemo.txt,y,txt,n
memo.txt,y,txt,n
memo0.txt,y,txt,n
memo3.txt,y,txt,n
memo6.txt,y,txt,n
memo8.txt,y,txt,n
README.md,y,txt,n
無題-2.txt,y,txt,n
mdmemo.txt,y,txt,n
memo.txt,y,txt,n
memo0.txt,y,txt,n
memo3.txt,y,txt,n
memo6.txt,y,txt,n
memo8.txt,y,txt,n
README.md,y,txt,n
無題-2.txt,y,txt,n
mdmemo.txt,y,txt,n
memo.txt,y,txt,n
memo0.txt,y,txt,n
memo3.txt,y,txt,n
memo6.txt,y,txt,n
memo8.txt,y,txt,n
README.md,y,txt,n
無題-2.txt,y,txt,n
mdmemo.txt,y,txt,n
memo.txt,y,txt,n
memo0.txt,y,txt,n
memo3.txt,y,txt,n
memo6.txt,y,txt,n
memo8.txt,y,txt,n
README.md,y,txt,n
無題-2.txt,y,txt,n
